{
    "loss": [
        1453.011564552784,
        95.68706631660461,
        92.89545488357544,
        83.96672397851944,
        80.87570679187775,
        70.42097535729408,
        63.65025642514229,
        62.12035024166107,
        56.70412257313728,
        57.347617983818054,
        51.18451255559921,
        54.12467820942402,
        48.61642871797085,
        50.34943529963493,
        47.67921218276024,
        47.89517995715141,
        49.84245578944683,
        46.01412599533796,
        43.575463861227036,
        44.34056920558214,
        51.247621953487396,
        46.370716616511345,
        45.796854719519615,
        42.26364001631737,
        46.2871768027544,
        44.99203372001648,
        43.30219046771526,
        42.696754187345505,
        42.342449709773064,
        40.32550564408302
    ],
    "accuracy": [
        0.75,
        0.7475,
        0.7275,
        0.68625,
        0.75875,
        0.83375,
        0.69125,
        0.91375,
        0.82875,
        0.86,
        0.88,
        0.83875,
        0.93125,
        0.81875,
        0.93375,
        0.92625,
        0.90625,
        0.85,
        0.9375,
        0.94,
        0.89125,
        0.94,
        0.94875,
        0.91125,
        0.8225,
        0.9225,
        0.9175,
        0.93875,
        0.93625,
        0.9275
    ]
}