{
    "loss": [
        104.30425679683685,
        76.79820278286934,
        65.331023812294,
        57.04731795191765,
        53.439683586359024,
        52.31716312468052,
        49.78336325287819,
        48.81451141834259,
        43.66752730309963,
        41.28733630478382,
        41.53536960482597,
        39.42999502271414,
        39.019930601119995,
        37.19910749793053,
        42.86054269969463
    ],
    "accuracy": [
        0.75125,
        0.8375,
        0.7625,
        0.8,
        0.8875,
        0.93375,
        0.8725,
        0.81375,
        0.9275,
        0.8975,
        0.9275,
        0.93375,
        0.92625,
        0.9425,
        0.94875
    ]
}