{
    "loss": [
        154.6671215891838,
        79.466383934021,
        60.94425764679909,
        55.46762451529503,
        56.68238942325115,
        52.10120828449726,
        47.36474321782589,
        49.122061520814896,
        43.17139372229576,
        40.53284990787506,
        42.36664164811373,
        38.096468426287174,
        39.840705677866936,
        41.40920814871788,
        37.27960502356291,
        40.96311591565609,
        43.086683094501495,
        35.31314183026552,
        37.034924909472466,
        38.77018405497074,
        37.497162360697985,
        35.31608038395643,
        37.24936282634735,
        36.04550476372242,
        36.184060387313366,
        34.84918262064457,
        34.21712577342987,
        36.14801711589098,
        35.112748719751835,
        38.052359849214554,
        32.32489317283034,
        33.89502649754286,
        35.27843175083399,
        34.99602095037699,
        36.21606553345919,
        32.17641055956483,
        35.00084130093455,
        36.63869438320398,
        33.79015160351992,
        32.86115953326225,
        37.24574115127325,
        33.39076606184244,
        35.84087614715099,
        32.61130477488041,
        32.73943571746349,
        37.33598355948925,
        37.526179648935795,
        31.496690303087234,
        35.153718393296,
        31.71710143983364
    ],
    "accuracy": [
        0.75,
        0.84375,
        0.86125,
        0.92625,
        0.87375,
        0.9125,
        0.9125,
        0.9225,
        0.9075,
        0.945,
        0.92125,
        0.91375,
        0.90875,
        0.92375,
        0.94125,
        0.93375,
        0.93625,
        0.9375,
        0.93125,
        0.93,
        0.94875,
        0.94875,
        0.92875,
        0.9675,
        0.90375,
        0.93125,
        0.96125,
        0.94,
        0.93375,
        0.95375,
        0.9625,
        0.95,
        0.94125,
        0.9525,
        0.96125,
        0.9475,
        0.93375,
        0.94125,
        0.95375,
        0.945,
        0.94625,
        0.94625,
        0.95,
        0.95375,
        0.95875,
        0.95125,
        0.96375,
        0.94,
        0.96,
        0.96125
    ]
}